"PAR";"TAir";"VPD";"Precip";"CO2";"fAPAR";"GPPobs";"ETobs";"DOY"
1,638144;-1,027;0,01001;1,7;380;0,6801809782;0,087;0,054;1
0,2502144;-0,075;0,01001;6,9;380;0,6801809782;0;0,131;2
1,7545248;-1,425;0,00801;0,9;380;0,6801809782;0,067;0,073;3
1,0582272;-1,974;0,00501;5;380;0,6801809782;0,023;0,064;4
0,4563648;-1,25;0,00201;3,1;380;0,6801809782;0;0,12;5
0,274752;-0,509;0,00101;0,8;380;0,6801809782;0;0,052;6
0,356832;2,27;1e-05;7;380;0,6801809782;0;0,048;7
0,4738176;2,787;0,00701;11,9;380;0,6801809782;0,02;0,143;8
0,6118848;0,415;0,00801;1,5;380;0,6801809782;0,098;0,036;9
0,6879168;0,188;0,00901;7,1;380;0,6801809782;0,008;0,101;10
1,9560096;3,463;0,01301;0;380;0,6801809782;0,341;0,314;11
0,289008;1,558;0,00501;1,3;380;0,6801809782;0;-0,047;12
0,5407776;2,524;0,02901;6;380;0,6801809782;0,003;0,162;13
1,038528;-1,507;0,03201;0,4;380;0,6801809782;0,014;-0,047;14
2,1707136;-5,399;0,01601;2,7;380;0,6801809782;0,175;0,045;15
0,5001696;-0,621;1e-05;3,4;380;0,6801809782;0;0,032;16
1,1854944;2,074;0,02701;0,6;380;0,6801809782;0,283;0,189;17
0,2712096;1,179;0,00301;0,3;380;0,6801809782;0;0,072;18
0,708048;-0,787;0,02301;7,6;380;0,6801809782;0,101;0,291;19
-0,0538272;-1,498;0,00501;9,1;380;0,6801809782;0,129;0,263;20
-0,057456;-1,028;1e-05;7;380;0,6801809782;0,058;0,293;21
0,4269888;-1,065;0,00101;1,9;380;0,6801809782;0;0,172;22
0,5940864;-3,132;0,00301;5,4;380;0,6801809782;0,001;0,078;23
0,7049376;-5,554;0,00801;1,5;380;0,6801809782;-0,001;0,09;24
2,150496;-5,072;0,00701;0,2;380;0,6801809782;0,004;0,034;25
1,2470976;-5,783;0,01301;4,4;380;0,6801809782;-0,01;0,054;26
2,2737888;-6,213;0,01401;0,3;380;0,6801809782;-0,032;0,03;27
1,279152;-14,228;0,01701;1,3;380;0,6801809782;0,02;0,031;28
1,5147648;-11,125;0,01601;1,1;380;0,6801809782;0,014;0,029;29
0,601344;-6,909;0,00801;9,7;380;0,6801809782;0;-0,049;30
3,1327776;-1,944;0,00201;1,1;380;0,6801809782;0,195;0,063;31
1,2202272;-3,157;0,00401;0,9;380;0,6801809782;0,039;0,092;32
1,202256;-4,867;0,00801;1,1;380;0,6801809782;0,076;0,049;33
0,7293888;-5,294;0,00701;0;380;0,6801809782;0,014;0,042;34
1,0852704;-2,47;0,00401;0,8;380;0,6801809782;-0,031;0,032;35
0,2664576;-0,772;0,00101;1,1;380;0,6801809782;0;0,175;36
0,5621184;0,998;1e-05;0;380;0,6801809782;0,006;0,075;37
1,663632;-0,722;0,03401;0;380;0,6801809782;0,25;0,412;38
4,6466784;-1,952;0,04401;0;380;0,6801809782;0,201;0,141;39
2,4467616;-6,447;0,01901;0;380;0,6801809782;-0,059;0,242;40
1,0511424;-4,11;0,01101;12,3;380;0,6801809782;-0,11;0,714;41
3,9419136;-0,979;0,00701;0;380;0,6801809782;0,418;0,351;42
3,3390144;-3,709;0,01401;0;380;0,6801809782;0,186;0,37;43
1,9398528;-3,244;0,02401;11,3;380;0,6801809782;0,008;0,575;44
2,1662208;-7,2;0,02101;0,4;380;0,6801809782;0,054;0,311;45
5,6349216;-9,627;0,02901;0;380;0,6801809782;0,039;0,195;46
7,2765216;-12,729;0,02001;0;380;0,6801809782;0,003;0,19;47
3,2787936;-8,787;0,01301;0;380;0,6801809782;0,077;0,076;48
1,951776;-5,564;0,01501;1,2;380;0,6801809782;-0,011;0,05;49
2,0799072;-2,445;0,00501;0,7;380;0,6801809782;-0,011;0,043;50
4,9686912;-4,327;0,03501;0,3;380;0,6801809782;-0,057;0,244;51
6,7630464;-7,657;0,03201;0,3;380;0,6801809782;-0,008;0,145;52
10,1448288;-14,285;0,03401;0;380;0,6801809782;-0,009;0,15;53
11,504592;-14,02;0,03101;0;380;0,6801809782;-0,067;0,084;54
11,1331584;-11,381;0,02801;0;380;0,6801809782;-0,159;0,108;55
6,995376;-8,95;0,06601;0,1;380;0,6801809782;-0,166;0,094;56
12,4038432;-10,469;0,05101;0;380;0,6801809782;-0,153;0,218;57
14,1092064;-10,741;0,05301;0;380;0,6801809782;-0,121;0,169;58
11,7722592;-14,339;0,03501;0;380;0,6801809782;-0,041;0,101;59
14,8453344;-15,014;0,06001;0;380;0,6801809782;-0,085;0,18;60
10,2436704;-11,164;0,04301;0;380;0,6801809782;-0,115;0,042;61
14,6323584;-10,292;0,05401;0;380;0,6801809782;-0,238;0,074;62
16,1129088;-10,207;0,03901;0;380;0,6801809782;-0,318;0,044;63
13,0704192;-7,676;0,04801;0;380;0,6801809782;-0,287;-0,023;64
14,9351904;-9,881;0,02801;0;380;0,6801809782;-0,282;0,026;65
10,9370304;-7,39;0,05901;0,2;380;0,6801809782;-0,119;0,033;66
10,8006912;-4,94;0,10701;0;380;0,6801809782;-0,183;0,039;67
18,4811328;-10,436;0,10501;0;380;0,6801809782;-0,121;0,09;68
18,1991232;-11,401;0,09701;0;380;0,6801809782;-0,106;0,135;69
19,510416;-11,285;0,09701;0,5;380;0,6801809782;-0,123;0,13;70
11,4902496;-10,008;0,04501;0,1;380;0,6801809782;-0,155;0,065;71
17,1878976;-12,202;0,05801;0;380;0,6801809782;-0,084;0,127;72
19,7084448;-12,527;0,07501;0;380;0,6801809782;-0,132;0,146;73
19,49184;-11,112;0,07701;0;380;0,6801809782;-0,076;0,152;74
19,137168;-10,23;0,08301;2,3;380;0,6801809782;-0,057;0,113;75
4,169664;-7,543;0,02201;3;380;0,6801809782;-0,014;-0,006;76
12,8591712;-7,157;0,07301;0,1;380;0,6801809782;-0,108;0,214;77
17,6881536;-7,167;0,12301;0;380;0,6801809782;0,03;0,101;78
21,5999136;-6,261;0,14301;0;380;0,6801809782;-0,045;0,133;79
21,3345792;-4,714;0,15001;0;380;0,6801809782;-0,005;0,147;80
22,5556704;-3,387;0,18401;0,1;380;0,6801809782;0,068;0,146;81
8,116848;-1,167;0,10701;0,2;380;0,6801809782;0,032;0,086;82
16,353792;1,798;0,14501;0;380;0,6801809782;0,06;0,092;83
24,2743392;4,493;0,19201;0;380;0,6801809782;0,195;0,09;84
25,1690976;1,612;0,18001;0;380;0,6801809782;0,321;0,226;85
18,7303968;-0,049;0,18601;0;380;0,6801809782;0,024;0,276;86
21,3934176;-2,495;0,11801;0,1;380;0,6801809782;-0,125;0,391;87
18,6601536;-1,746;0,17601;0;380;0,6801809782;0,09;0,299;88
24,8379264;-0,798;0,19101;0;380;0,6801809782;0,069;0,238;89
29,4128064;3,358;0,25901;0;380;0,6801809782;0,2;0,198;90
29,6117856;3,002;0,27701;0;380;0,6801809782;0,172;0,255;91
19,1800224;2,666;0,22301;0;380;0,6801809782;0,099;0,202;92
25,1533728;5,445;0,29001;0;380;0,6801809782;0,306;0,191;93
29,010528;4,963;0,33901;0;380;0,6801809782;0,223;0,197;94
24,7015008;4,926;0,32201;0;380;0,6801809782;0,697;0,203;95
25,3082016;3,074;0,21401;0;380;0,6801809782;0,302;0,279;96
13,526784;3,675;0,15801;5,9;380;0,6801809782;0,504;0,387;97
17,1632736;4,233;0,12801;0;380;0,6801809782;0,926;0,759;98
16,6865184;2,954;0,05201;0,9;380;0,6801809782;1,114;0,76;99
25,5537504;1,937;0,11601;0;380;0,6801809782;1,156;0,76;100
7,9296192;1,818;0,04901;0,1;380;0,6801809782;0,347;0,759;101
26,6817024;3,722;0,20001;0;380;0,6801809782;1,311;0,787;102
26,8095744;6,396;0,29701;1,7;380;0,6801809782;1,784;0,517;103
31,4454528;5,999;0,38001;1,5;380;0,6801809782;1,792;0,765;104
11,9238912;5,99;0,08901;0,3;380;0,6801809782;1,421;0,619;105
34,1320608;6,41;0,32101;0;380;0,6801809782;2,273;1,024;106
37,4000544;5,233;0,39801;0;380;0,6801809782;1,761;0,772;107
37,7218944;3,415;0,33501;0,2;380;0,6801809782;2,255;0,682;108
33,224688;-0,359;0,25201;0;380;0,6801809782;1,363;0,414;109
25,0048512;-1,213;0,19901;0,1;380;0,6801809782;1,08;0,317;110
23,0479776;-1,239;0,13801;0,3;380;0,6801809782;0,986;0,354;111
16,6502304;-0,584;0,18001;0;380;0,6801809782;0,697;0,276;112
23,2600032;1,507;0,25601;0;380;0,6801809782;1,352;0,38;113
38,2227552;3,768;0,40301;0;380;0,6801809782;1,474;0,598;114
39,4637184;5,849;0,47601;0;380;0,6801809782;1,477;0,799;115
33,0554304;7,046;0,50801;0;380;0,6801809782;1,871;0,792;116
32,4404352;6,595;0,49701;0;380;0,6801809782;1,732;0,76;117
32,8339008;5,396;0,48601;0;380;0,6801809782;1,152;0,327;118
31,1491008;6,368;0,38901;0;380;0,6801809782;0,913;0,279;119
14,3950176;4,447;0,20401;0;380;0,6801809782;0,739;0,155;120
29,5532064;2,281;0,12401;0;380;0,6801809782;0,634;0,136;121
34,6896;4,773;0,32601;0;380;0,6801809782;1,761;0,416;122
8,9757504;3,686;0,09601;5,7;380;0,6801809782;0,808;0,276;123
8,2554336;6,219;0,12001;0;380;0,6801809782;1,128;0,54;124
11,976768;5,242;0,21601;0;380;0,6801809782;1,784;0,646;125
29,8763424;8,173;0,37101;0;380;0,6801809782;3,169;1,373;126
27,6225984;6,568;0,29101;0;380;0,6801809782;3,461;0,929;127
39,6265824;7,21;0,40801;0;380;0,6801809782;3,669;1,372;128
31,4591904;9,694;0,63001;0;380;0,6801809782;3,337;1,081;129
41,3512128;8,9;0,52401;0,9;380;0,6801809782;3,804;1,094;130
34,5217248;9,726;0,62901;0;380;0,6801809782;4,283;1,198;131
41,3400672;9,404;0,69601;0;380;0,6801809782;3,951;1,253;132
40,4786592;10,53;0,81201;0;380;0,6801809782;3,047;1,147;133
47,3757984;9,527;0,77901;0;380;0,6801809782;4,23;1,146;134
21,8179008;9,728;0,61101;0;380;0,6801809782;3,618;1,174;135
11,1494016;7,558;0,18701;10,2;380;0,6801809782;1,617;0,645;136
32,5340064;7,489;0,30701;4,7;380;0,6801809782;4,133;2;137
16,8222528;5,922;0,13801;0,3;380;0,6801809782;2,967;1,179;138
34,2576;5,99;0,30201;0,2;380;0,6801809782;4,034;2,523;139
40,4828064;9,092;0,60601;0;380;0,6801809782;4,036;1,857;140
51,5857248;11,863;0,84401;0;380;0,6801809782;3,894;1,963;141
31,7754144;14,18;0,93101;0,1;380;0,6801809782;3,565;1,459;142
34,822656;16,266;0,73501;0;380;0,6801809782;3,99;1,424;143
39,5009568;17,814;0,83201;3,2;380;0,6801809782;4,036;1,568;144
49,5065952;13,416;0,65501;0,1;380;0,6801809782;5,676;3,126;145
23,8091616;12,526;0,47401;2,6;380;0,6801809782;4,751;1,581;146
41,9013216;13,826;0,63801;0;380;0,6801809782;5,585;2,859;147
54,5422464;10,204;0,72001;0;380;0,6801809782;5,799;2,019;148
14,0269536;8,124;0,43101;0,1;380;0,6801809782;3,23;1,064;149
22,0407264;9,876;0,23401;0,6;380;0,6801809782;4,723;1,275;150
31,5285696;10,414;0,44901;26,5;380;0,6801809782;4,842;1,943;151
22,3851168;7,674;0,18701;0,8;380;0,6801809782;4,578;1,565;152
33,2751456;9,857;0,46001;0;380;0,6801809782;5,531;2,661;153
44,3329632;10,375;0,74301;0,3;380;0,6801809782;7,245;2,611;154
14,0655744;10,665;0,15201;18,9;380;0,6801809782;3,485;0,699;155
20,1448512;12,11;0,14101;1,4;380;0,6801809782;4,378;1,826;156
12,1042944;10,007;0,16301;0,7;380;0,6801809782;3,346;1,141;157
39,380256;9,917;0,48001;0;380;0,6801809782;6,505;2,514;158
55,2633408;11,745;0,75701;0;380;0,6801809782;5,739;2,038;159
49,37544;12,988;0,71401;0;380;0,6801809782;6,107;1,872;160
52,5312864;13,175;0,77801;0;380;0,6801809782;6,519;2,302;161
42,4268064;15,302;0,74201;18,4;380;0,6801809782;6,286;2,288;162
22,2430752;13,898;0,20601;15;380;0,6801809782;5,75;2,166;163
22,082976;12,257;0,16401;3,1;380;0,6801809782;4,816;2,161;164
24,6458592;13,216;0,37201;0;380;0,6801809782;6,484;1,778;165
48,3864192;16,721;0,84401;0;380;0,6801809782;6,198;2,571;166
48,5133408;14,428;0,33101;0;380;0,6801809782;7,016;2,607;167
42,0009408;15,5;0,54101;0;380;0,6801809782;6,384;2,237;168
41,8144032;17,068;0,75801;0,4;380;0,6801809782;5,261;1,909;169
49,7448864;15,786;0,78001;0;380;0,6801809782;6,617;2,192;170
49,8902112;15,634;0,98301;0;380;0,6801809782;6,462;2,125;171
47,01456;16,259;0,87501;0;380;0,6801809782;6,349;2,194;172
35,9222688;16,404;0,76901;0;380;0,6801809782;6,958;2,074;173
36,4052448;15,715;0,63301;0;380;0,6801809782;7,498;1,929;174
42,8779872;18,057;0,75901;0;380;0,6801809782;6,34;2,124;175
18,94104;11,977;0,40601;4,5;380;0,6801809782;4,677;1,309;176
45,0469728;12,459;0,44701;0,9;380;0,6801809782;7,388;2,802;177
36,409824;12,959;0,49801;2,2;380;0,6801809782;6,613;2,441;178
31,768848;10,093;0,18501;4,7;380;0,6801809782;6,398;2,903;179
30,3175008;10,508;0,13101;14,9;380;0,6801809782;4,886;1,812;180
22,1502816;12,924;0,10201;11;380;0,6801809782;4,426;1,457;181
49,7898144;15,573;0,51901;0;380;0,6801809782;6,665;3,14;182
53,1337536;15,728;0,78301;0;380;0,6801809782;6,221;3,266;183
53,6130144;17,721;0,98801;0;380;0,6801809782;5,373;3,188;184
42,3429984;19,051;1,14901;0;380;0,6801809782;4,413;3,023;185
51,4294272;20,175;1,05801;0,5;380;0,6801809782;5,213;2,811;186
43,5763584;20,774;1,11401;0;380;0,6801809782;4,95;2,939;187
40,355712;18,106;0,63501;0;380;0,6801809782;6,123;2,605;188
38,1290976;17,136;0,78501;0;380;0,6801809782;5,983;2,717;189
50,2320096;19,21;1,10201;0;380;0,6801809782;5,706;2,91;190
50,2140384;22,972;1,50301;0;380;0,6801809782;4,848;3,033;191
52,5858912;22,245;1,41301;0;380;0,6801809782;5,582;2,87;192
49,8309408;20,413;1,20201;0;380;0,6801809782;5,386;2,628;193
50,4808416;21,637;1,28301;0;380;0,6801809782;6,218;3,126;194
50,8843296;18,443;0,99401;0;380;0,6801809782;6,595;2,486;195
45,780336;18,406;0,98901;0;380;0,6801809782;7,108;2,509;196
44,160768;19,136;0,74401;7,7;380;0,6801809782;6,97;2,734;197
32,0061024;18,837;0,51701;0,4;380;0,6801809782;6,476;3,621;198
38,3271264;19,094;0,75101;0;380;0,6801809782;6,781;3,367;199
19,089216;16,686;0,28901;0,4;380;0,6801809782;4,86;1,63;200
29,5836192;16,977;0,36601;13,2;380;0,6801809782;6,732;1,809;201
42,1487712;16,74;0,67001;0;380;0,6801809782;7,424;3,18;202
10,8749952;14,318;0,17901;3,1;380;0,6801809782;2,488;0,503;203
29,0376576;14,497;0,25801;9,8;380;0,6801809782;6,869;3,069;204
26,3470752;15,756;0,32101;0,1;380;0,6801809782;5,999;3,043;205
26,0678304;16,119;0,34701;0;380;0,6801809782;6,753;2,148;206
34,1748288;17,184;0,43201;9,2;380;0,6801809782;7,296;2,542;207
25,8428448;16,153;0,37401;0;380;0,6801809782;6,772;2,695;208
34,3432224;17,04;0,53901;2,1;380;0,6801809782;6,702;3,386;209
32,5232928;15,659;0,53501;0;380;0,6801809782;7,031;2,549;210
40,0737024;15,307;0,56801;0,3;380;0,6801809782;7,265;2,438;211
42,8324544;17,646;0,78901;0,1;380;0,6801809782;6,283;3,071;212
22,5398592;17,159;0,53201;1,4;380;0,6801809782;5,77;2,077;213
27,9688896;15,619;0,26601;2,7;380;0,6801809782;5,951;2,613;214
44,6910912;14,859;0,57401;0;380;0,6801809782;7,239;3,327;215
13,0349952;14,499;0,26101;17,2;380;0,6801809782;3,111;0,988;216
36,7295904;15,325;0,38501;0;380;0,6801809782;6,432;3,476;217
34,0638912;15,635;0,49501;10,7;380;0,6801809782;6,722;2,7;218
20,5811712;15,889;0,22701;1,5;380;0,6801809782;4,96;2,674;219
5,7483648;16,372;0,10601;9,2;380;0,6801809782;0,823;2,657;220
26,7581664;20,14;0,41801;20,8;380;0,6801809782;6,062;2,006;221
8,086176;14,088;0,08801;11,7;380;0,6801809782;1,523;2,959;222
6,6267072;13,646;0,05601;16;380;0,6801809782;0,955;0,514;223
24,5884896;15,288;0,08701;16,9;380;0,6801809782;4,99;2,751;224
19,4271264;15,788;0,11401;5,3;380;0,6801809782;4,628;1,626;225
29,3874048;15,249;0,09801;8,7;380;0,6801809782;5,594;2,548;226
35,3882304;14,882;0,38901;0;380;0,6801809782;6,384;2,785;227
17,2451808;14,809;0,25001;1;380;0,6801809782;4,122;2,789;228
30,4036416;12,629;0,43301;0,1;380;0,6801809782;4,948;2,665;229
35,6284224;13,962;0,50401;0;380;0,6801809782;5,709;2,452;230
39,7829664;16,008;0,58501;0;380;0,6801809782;5,441;2,687;231
37,3038912;16,841;0,57701;0;380;0,6801809782;6,124;2,595;232
19,1016576;14,949;0,20601;8,4;380;0,6801809782;2,958;2,045;233
34,8532416;13,83;0,23801;0;380;0,6801809782;5,385;1,995;234
26,32176;15,701;0,25801;0,2;380;0,6801809782;4,108;1,827;235
29,9124576;17,082;0,35601;0,3;380;0,6801809782;4,695;2,296;236
29,5424928;18,986;0,51601;2,9;380;0,6801809782;5,264;2,335;237
10,2136896;16,463;0,24901;16,6;380;0,6801809782;2,288;1,09;238
23,0896224;12,934;0,17201;2,2;380;0,6801809782;2,504;2,1;239
13,3897536;11,024;0,06301;5,7;380;0,6801809782;2,817;1,997;240
16,8505056;12,97;0,11001;0,9;380;0,6801809782;2,564;1,177;241
17,8643232;13,993;0,42501;0;380;0,6801809782;3,055;1,62;242
33,6153888;12,28;0,39801;0;380;0,6801809782;4,814;2,4;243
33,5909376;12,587;0,39001;0;380;0,6801809782;5,109;2,247;244
32,406912;13,334;0,40001;0;380;0,6801809782;4,664;2,261;245
21,2499936;13,679;0,37301;0;380;0,6801809782;3,588;1,792;246
24,7780512;12,443;0,35801;0;380;0,6801809782;4,298;1,918;247
15,8272704;12,971;0,30201;0;380;0,6801809782;3,096;1,548;248
19,8684576;12,186;0,30301;0;380;0,6801809782;3,606;1,861;249
25,9397856;16,443;0,41101;7,8;380;0,6801809782;4,194;1,817;250
10,5325056;15,839;0,26201;0;380;0,6801809782;2,394;1,016;251
28,3095648;14,208;0,52001;0;380;0,6801809782;4,253;0,894;252
21,9331584;9,013;0,24801;0;380;0,6801809782;3,893;0,916;253
25,91136;8,457;0,21201;0;380;0,6801809782;3,842;0,915;254
10,1535552;10,278;0,11601;0,8;380;0,6801809782;1,893;0,917;255
24,6285792;8,42;0,25701;1,7;380;0,6801809782;3,858;0,914;256
4,3072992;12,447;0,15201;5,6;380;0,6801809782;0,583;0,917;257
8,5170528;9,5;0,11601;1,8;380;0,6801809782;1,313;1,007;258
24,2674272;4,763;0,17801;0,4;380;0,6801809782;3,531;0,817;259
22,2499008;3,203;0,15201;0,5;380;0,6801809782;3,346;0,718;260
6,7215744;6,857;0,16501;1,7;380;0,6801809782;0,819;0,689;261
19,1115072;11,923;0,17001;0;380;0,6801809782;2,939;0,663;262
4,7520864;12,324;0,16001;0;380;0,6801809782;0,732;0,662;263
15,8058432;12,378;0,27901;0;380;0,6801809782;2,693;0,663;264
16,9344;10,694;0,23701;0;380;0,6801809782;3,044;0,796;265
11,9602656;11,809;0,21601;0;380;0,6801809782;2,524;0,997;266
13,0405248;12,946;0,21201;0;380;0,6801809782;2,624;0,848;267
12,6966528;12,137;0,17901;0;380;0,6801809782;2,522;0,732;268
17,9285184;12,048;0,23001;0,1;380;0,6801809782;3,444;1,202;269
15,9631776;13,386;0,22301;0;380;0,6801809782;3,215;1,04;270
4,831056;13,612;0,10101;4,6;380;0,6801809782;1,241;0,337;271
10,623312;10,91;0,16501;0,4;380;0,6801809782;2,475;1,038;272
14,1308928;6,863;0,13201;0;380;0,6801809782;2,65;0,769;273
13,3443936;8,204;0,12201;0;380;0,6801809782;2,805;0,595;274
4,5188928;12,025;0,07301;1,3;380;0,6801809782;1,128;0,083;275
13,9878144;11,547;0,19401;0;380;0,6801809782;3,065;0,803;276
15,0280704;9,446;0,20701;0;380;0,6801809782;2,696;0,808;277
16,2719712;9,661;0,22501;0;380;0,6801809782;2,865;0,745;278
4,1351904;10,159;0,16901;0;380;0,6801809782;1,074;0,385;279
8,2277856;10,358;0,09601;0;380;0,6801809782;1,903;0,43;280
12,8838816;11,199;-998,99999;0;380;0,6801809782;2,746;0,496;281
10,982304;11,21;-998,99999;0,1;380;0,6801809782;2,38;0,524;282
7,7719392;11,912;0,10801;1,5;380;0,6801809782;1,544;0,491;283
11,6636544;12,09;0,15501;0,1;380;0,6801809782;2,48;0,476;284
9,2730528;9,371;0,09801;0;380;0,6801809782;2,209;0,446;285
11,837664;7,311;0,09801;0;380;0,6801809782;2,343;0,617;286
4,7937312;6,839;0,04101;2,5;380;0,6801809782;0,945;0,351;287
7,2862848;5,496;0,18101;0,1;380;0,6801809782;1,71;1,046;288
3,6303552;5,11;0,21201;0;380;0,6801809782;0,842;0,433;289
9,451296;2,458;0,14701;0;380;0,6801809782;1,967;0,3;290
11,2201632;4,258;0,11901;0;380;0,6801809782;1,527;0,262;291
6,0975936;1,947;0,12701;0;380;0,6801809782;1,155;0,323;292
10,1285856;7,056;0,15201;1,7;380;0,6801809782;1,432;0,283;293
1,7311104;8,564;0,11901;1,5;380;0,6801809782;0,029;0,302;294
1,50336;7,51;0,05001;12,4;380;0,6801809782;0;0,285;295
2,1154176;3,519;0,06101;0,6;380;0,6801809782;0,036;0,266;296
8,8316352;-1,305;0,08101;0;380;0,6801809782;1,036;0,194;297
9,2016864;-0,86;0,09201;7,1;380;0,6801809782;1,279;0,194;298
1,6866144;-0,186;0,02801;2,9;380;0,6801809782;0,031;0,33;299
3,337632;-2,508;0,03601;0;380;0,6801809782;0,287;0,579;300
1,6723584;-0,795;0,03901;0,3;380;0,6801809782;0,348;0,315;301
8,0826336;3,988;0,18801;0;380;0,6801809782;1,489;0,793;302
1,0283328;4,917;0,10101;0,1;380;0,6801809782;0,059;0,117;303
0,8201952;5,437;0,05901;0,2;380;0,6801809782;0;-0,007;304
5,6042496;4,345;0,09201;0;380;0,6801809782;1,196;0,341;305
1,6936992;4,578;0,10301;0,1;380;0,6801809782;0,556;0,115;306
1,7506368;8,069;0,10701;0;380;0,6801809782;0,715;0,206;307
0,6244992;6,802;0,06501;1,1;380;0,6801809782;0;0,355;308
0,4590432;7,717;0,03201;5,8;380;0,6801809782;0;0,35;309
1,1617344;7,972;0,04501;3,8;380;0,6801809782;0,052;0,054;310
0,6885216;8,168;0,06701;0,6;380;0,6801809782;0,031;0,208;311
2,3238144;7,551;0,08901;0;380;0,6801809782;0,493;0,074;312
0,7757856;8,028;0,16501;0;380;0,6801809782;0;0,243;313
1,1813472;7,436;0,13801;1;380;0,6801809782;0,006;0,236;314
1,6421184;6,384;0,09401;0;380;0,6801809782;0,01;0,228;315
0,4590432;6,55;0,04101;8,8;380;0,6801809782;0;0,228;316
3,12768;8,319;0,09501;1,8;380;0,6801809782;0,401;0,229;317
0,9798624;6,177;0,06101;15,5;380;0,6801809782;0;0,218;318
1,620864;5,578;0,07001;5,7;380;0,6801809782;0,005;0,215;319
4,3037568;-0,936;0,05301;0;380;0,6801809782;0,164;0,246;320
2,2328352;-1,758;0,04801;0;380;0,6801809782;0,04;0,211;321
3,0672;-1,44;0,08501;0;380;0,6801809782;0,211;0,109;322
2,7789696;-2,037;0,10001;0;380;0,6801809782;0,14;0,086;323
1,3716864;-3,799;0,06301;0;380;0,6801809782;-0,009;0,086;324
1,9499616;-3,791;0,04901;0;380;0,6801809782;0,027;0,086;325
2,4516864;-4,841;0,03201;0,1;380;0,6801809782;0,031;0,086;326
0,2775168;1,895;0,02501;3,7;380;0,6801809782;0;0,101;327
0,6427296;3,842;0,03501;2,5;380;0,6801809782;0;0,168;328
0,46224;0,171;0,03201;4;380;0,6801809782;0,001;0,125;329
0,5165856;-1,217;0,02601;3,9;380;0,6801809782;0;0,258;330
0,5143392;-1,244;0,02201;3,1;380;0,6801809782;0,19;0,136;331
0,4477248;0,459;0,02101;7,7;380;0,6801809782;0;0,088;332
0,9618048;-0,068;0,04601;5,8;380;0,6801809782;0,257;0,413;333
0,9018432;-0,883;0,01901;34,2;380;0,6801809782;0;0,081;334
0,4024512;-3,451;0,02601;2,8;380;0,6801809782;0,007;0,052;335
1,3433472;1,055;0,02201;0;380;0,6801809782;0;0,137;336
1,315872;-1,702;0,03101;0,1;380;0,6801809782;0,082;0,197;337
1,1541312;-4,441;0,03901;0,4;380;0,6801809782;0,086;0,025;338
0,2863296;-1,38;0,02601;3;380;0,6801809782;0;0,055;339
0,2685312;-0,308;0,02201;0,5;380;0,6801809782;0;0,011;340
0,4364064;-1,411;0,03101;0;380;0,6801809782;-0,002;0,062;341
0,3259872;-4,334;0,07401;0;380;0,6801809782;0;0,705;342
1,0658304;-6,821;0,04701;0;380;0,6801809782;0,039;0,072;343
0,6401376;-5,348;0,03201;1,2;380;0,6801809782;0,022;-0,007;344
0,540864;-0,128;0,01901;0,2;380;0,6801809782;0,003;0,103;345
1,5622848;2,386;0,12301;0;380;0,6801809782;0,289;0,698;346
1,5946848;0,563;0,15201;0;380;0,6801809782;0,318;0,19;347
1,4068512;-3,322;0,02801;2,6;380;0,6801809782;0,019;0,009;348
0,5889888;-0,057;0,01801;5,2;380;0,6801809782;0;0,108;349
0,318384;-5,069;0,03001;0;380;0,6801809782;-0,001;-0,026;350
0,5264352;-14,37;0,02501;0,1;380;0,6801809782;0,007;0,01;351
0,6537888;-11,674;0,03201;0;380;0,6801809782;0,055;0,055;352
0,1440288;-9,179;0,03301;0,1;380;0,6801809782;0;0,007;353
0,2278368;-7,855;0,03401;0;380;0,6801809782;0;-0,055;354
1,0004256;-11,601;0,02801;0;380;0,6801809782;-0,001;0,03;355
1,0546848;-14,338;0,02601;0;380;0,6801809782;0,118;0,052;356
0,1102464;-7,601;0,02801;3;380;0,6801809782;0;0,01;357
0,3557088;-0,444;0,02001;5,3;380;0,6801809782;0;0,024;358
0,9144576;-2,495;0,02501;5,9;380;0,6801809782;0,001;0,034;359
0,795312;-7,707;0,03301;0,2;380;0,6801809782;0,001;0,033;360
0,8077536;-8,536;0,03501;0,3;380;0,6801809782;0;0,021;361
0,2722464;-8,534;0,03401;0;380;0,6801809782;0;0;362
-0,0241056;-6,269;0,03301;1,1;380;0,6801809782;-0,002;0,075;363
0,850608;-1,218;0,04901;8,3;380;0,6801809782;0;0,065;364
0,7351776;-0,984;0,02301;2;380;0,6801809782;0;0,057;365
0,7445088;-4,09;0,02701;0;380;0,6801809782;0;0,057;1
1,1278656;-3,277;0,02501;0;380;0,6801809782;0;0,057;2
1,0088064;-2,73;0,02701;0;380;0,6801809782;0;0,057;3
0,947376;-2,274;0,02901;0;380;0,6801809782;0;0,057;4
1,286064;-4,588;0,02601;0;380;0,6801809782;0,007;0,057;5
2,2948704;-7,098;0,03001;0;380;0,6801809782;0,019;0,047;6
0,9808992;-4,285;0,02501;0;380;0,6801809782;0;-0,016;7
1,4703552;-0,99;0,03401;1,8;380;0,6801809782;-0,008;0,212;8
0,2903904;1,805;0,02401;5,3;380;0,6801809782;0;0,248;9
0,0037152;1,414;0,07001;0;380;0,6801809782;0;0,244;10
0,0037152;-0,436;0,03801;0;380;0,6801809782;0;0,24;11
2,0771424;-0,246;0,03401;0;380;0,6801809782;0,001;0,24;12
1,0460448;-0,875;0,07801;0,3;380;0,6801809782;-0,001;0,24;13
0,627264;-1,669;0,03101;0,7;380;0,6801809782;0;0,239;14
1,019952;-5,396;0,05001;1,8;380;0,6801809782;0;0,238;15
3,6014976;-16,457;0,04101;0;380;0,6801809782;0,016;0,236;16
4,0239936;-21,57;0,02601;0;380;0,6801809782;0,112;0,235;17
4,2175296;-21,515;0,02401;0,2;380;0,6801809782;0,09;0,235;18
4,1114304;-21,191;0,02801;0;380;0,6801809782;0,099;0,235;19
4,3310592;-22,889;0,02301;0;380;0,6801809782;0,099;0,181;20
0,9864288;-10,72;0,03201;1,3;380;0,6801809782;0;0,227;21
0,6774624;-2,354;0,04101;1,5;380;0,6801809782;0;0,229;22
1,9319904;-1,038;0,03601;0,5;380;0,6801809782;0,003;0,229;23
2,8048896;-3,718;0,05401;0;380;0,6801809782;0,024;0,229;24
4,8410784;-0,224;0,09101;0,1;380;0,6801809782;-0,005;0,23;25
3,5455968;-3,899;0,05401;0,3;380;0,6801809782;0,029;0,229;26
5,1109056;0,041;0,08701;0;380;0,6801809782;0,029;0,23;27
4,0146624;0,317;0,13001;0;380;0,6801809782;0,05;0,23;28
2,5815456;-5,333;0,06901;0,1;380;0,6801809782;-0,009;0,228;29
1,4145408;-3,305;0,05201;4,7;380;0,6801809782;-0,003;0,179;30
1,5317856;-7,789;0,03301;7,2;380;0,6801809782;-0,007;0,071;31
3,8155104;-15,581;0,03101;0,1;380;0,6801809782;-0,047;0,172;32
5,9410368;-22,096;0,02401;0;380;0,6801809782;0,071;0,011;33
7,2346176;-21,4;0,02501;0;380;0,6801809782;0,087;0,008;34
6,4789632;-19,845;0,02701;0,1;380;0,6801809782;0,059;-0,008;35
6,2760096;-17,087;0,02901;0,1;380;0,6801809782;-0,029;-0,01;36
6,5440224;-12,729;0,03401;0,1;380;0,6801809782;-0,029;0,055;37
2,3079168;-11,835;0,03401;0,5;380;0,6801809782;0,029;0,15;38
2,9593728;-8,925;0,03601;0,4;380;0,6801809782;0,007;0,101;39
7,3332;-8,689;0,03301;0;380;0,6801809782;0,025;0,11;40
3,657312;-8,025;0,03301;1,4;380;0,6801809782;0,01;0,064;41
3,0821472;-4,277;0,03501;1,5;380;0,6801809782;0,081;0,025;42
4,4799264;-3,902;0,04601;0;380;0,6801809782;0,093;0,222;43
4,6921248;-6,973;0,03701;0,2;380;0,6801809782;-0,006;0,116;44
4,997376;-8,581;0,04201;0,6;380;0,6801809782;-0,004;0,215;45
9,2911968;-12,173;0,03501;0,3;380;0,6801809782;-0,079;0,249;46
4,0462848;-9,843;0,03401;0,9;380;0,6801809782;-0,032;0,092;47
3,8211264;-3,96;0,03801;0,4;380;0,6801809782;0,03;0,121;48
4,2510528;-3,329;0,03601;0,1;380;0,6801809782;0,086;0,122;49
5,8497984;-8,272;0,03601;0,1;380;0,6801809782;-0,074;0,077;50
5,7111264;-4,351;0,04501;0,2;380;0,6801809782;0,058;0,088;51
10,84536;-6,287;0,05701;0,1;380;0,6801809782;0,015;0,283;52
5,6153088;-2,95;0,04701;0;380;0,6801809782;0,003;0,101;53
7,1587584;-2,699;0,07401;0;380;0,6801809782;0,013;0,212;54
9,6972768;-9,452;0,08001;0;380;0,6801809782;-0,095;0,206;55
12,2279328;-13,808;0,03601;0;380;0,6801809782;-0,065;0,116;56
9,06984;-13,135;0,04101;3,3;380;0,6801809782;-0,2;0,07;57
10,0367424;-9,473;0,04201;0;380;0,6801809782;-0,058;0,211;58
7,5713184;-10,358;0,07001;0,7;380;0,6801809782;-0,05;0,258;59
9,7606944;-11,488;0,04801;1,2;380;0,6801809782;-0,039;0,2;60
6,2662464;-9,948;0,03701;1,3;380;0,6801809782;-0,036;0,119;61
5,4089856;-7,253;0,03901;0,2;380;0,6801809782;0,075;0,075;62
10,1774016;-9,156;0,04701;0,2;380;0,6801809782;0,044;0,124;63
11,2038336;-10,948;0,05101;0,1;380;0,6801809782;0,054;0,134;64
5,8552416;-12,045;0,04401;1,4;380;0,6801809782;0,018;0,24;65
13,704768;-13,356;0,05001;0;380;0,6801809782;0,06;0,335;66
13,6616544;-13,923;0,05001;0;380;0,6801809782;0,033;0,06;67
16,0608096;-11,93;0,07501;0;380;0,6801809782;0,076;0,12;68
17,0265024;-9,234;0,08701;0;380;0,6801809782;0,073;0,062;69
18,7385184;-6,562;0,14701;0;380;0,6801809782;-0,065;0,112;70
9,1093248;-5,838;0,10201;0;380;0,6801809782;0,019;0,14;71
5,8068576;-5,265;0,06501;0;380;0,6801809782;-0,067;0,071;72
12,1325472;-4,591;0,07101;0;380;0,6801809782;-0,074;0,103;73
18,8197344;-2,218;0,17501;0;380;0,6801809782;-0,001;0,092;74
7,4582208;-1,497;0,07901;2,5;380;0,6801809782;0,064;0,141;75
9,0497952;-3,507;0,06901;1,6;380;0,6801809782;-0,11;0,31;76
20,4656544;-6,89;0,13901;0;380;0,6801809782;-0,144;0,549;77
16,5956256;-8,233;0,12101;0;380;0,6801809782;-0,066;0,151;78
25,2453024;-7,14;0,14601;0;380;0,6801809782;-0,122;0,171;79
26,5540896;-7,594;0,12801;0;380;0,6801809782;-0,119;0,153;80
21,9848256;-7,626;0,06401;1,1;380;0,6801809782;-0,041;0,156;81
26,410752;-5,147;0,14001;0;380;0,6801809782;0,074;0,156;82
27,0044928;-4,125;0,16601;0;380;0,6801809782;0,024;0,156;83
20,253888;-4,867;0,16401;0,4;380;0,6801809782;0,153;0,156;84
6,6483072;-1,688;0,07301;6,1;380;0,6801809782;0,012;0,156;85
9,3508128;-0,42;0,02801;6;380;0,6801809782;0,265;0,292;86
6,940512;0,836;0,02001;1;380;0,6801809782;0,291;0,507;87
14,3741952;0,779;0,06601;7;380;0,6801809782;0,42;0,518;88
7,653312;0,796;0,03701;2,8;380;0,6801809782;0,272;0,518;89
9,5796864;-1,885;0,08001;2,2;380;0,6801809782;0,141;0,517;90
7,2159552;0,4;0,02201;6;380;0,6801809782;0,32;0,518;91
9,0865152;0,542;0,03201;4,8;380;0,6801809782;0,33;0,641;92
10,0770912;0,177;0,02201;1,2;380;0,6801809782;0,383;0,351;93
13,6290816;-0,275;0,06101;0,3;380;0,6801809782;0,494;0,737;94
8,919072;-0,345;0,03401;1,7;380;0,6801809782;0,322;0,467;95
6,7915584;0,421;0,03301;0;380;0,6801809782;0,466;0,169;96
13,3152768;2,836;0,12701;2,3;380;0,6801809782;0,691;0,244;97
9,0206784;0,533;0,03501;2,9;380;0,6801809782;0,713;0,262;98
8,3745792;0,253;0,03901;2,2;380;0,6801809782;0,666;0,435;99
24,4852416;2,328;0,14101;0;380;0,6801809782;1,072;0,642;100
24,3949536;1,897;0,21301;0;380;0,6801809782;0,914;0,288;101
19,386864;3,387;0,25001;0;380;0,6801809782;1,11;0,266;102
22,407408;3,381;0,28101;0;380;0,6801809782;1,212;0,236;103
30,1580928;2,606;0,17301;0;380;0,6801809782;1,329;0,241;104
15,5119104;3,038;0,12101;4,8;380;0,6801809782;1,029;0,251;105
12,2940288;2,335;0,08901;0,5;380;0,6801809782;1,001;0,57;106
24,5267136;3,211;0,15601;0,3;380;0,6801809782;1,5;0,407;107
10,1195136;2,427;0,08501;11,6;380;0,6801809782;1,207;0,617;108
31,3504992;3,328;0,16801;0,2;380;0,6801809782;1,465;1,123;109
36,9862848;3,661;0,38401;0;380;0,6801809782;1,603;0,675;110
41,0176224;3,98;0,44901;0;380;0,6801809782;1,18;0,919;111
41,0493312;4,73;0,52001;0;380;0,6801809782;0,906;0,868;112
28,6479936;6,63;0,56701;0;380;0,6801809782;1,686;0,754;113
36,2156832;9,251;0,76801;0;380;0,6801809782;2,088;1,019;114
34,7862816;9,428;0,76501;0;380;0,6801809782;2,3;0,94;115
34,3618848;9,211;0,66201;0;380;0,6801809782;2,666;0,972;116
36,0649152;7,595;0,63601;0;380;0,6801809782;3,311;1,145;117
44,6861664;7,053;0,70501;0;380;0,6801809782;3,17;1,095;118
41,462496;8,568;0,79301;0;380;0,6801809782;3,092;1,076;119
28,9866816;10,244;0,73701;0;380;0,6801809782;3,187;0,978;120
33,4499328;11,917;0,67001;0;380;0,6801809782;2,927;0,678;121
41,2540128;11,804;0,69501;0;380;0,6801809782;3,425;0,931;122
41,3099136;13,593;0,94101;0;380;0,6801809782;2,949;1,245;123
42,0338592;15,138;1,08301;0;380;0,6801809782;2,758;1,3;124
43,8002208;16,088;1,13401;0;380;0,6801809782;3,124;1,303;125
41,4494496;14,422;0,91201;0;380;0,6801809782;3,057;1,269;126
46,7260704;15,466;1,07101;0;380;0,6801809782;3,557;1,131;127
47,2583808;11,604;0,72201;0;380;0,6801809782;4,652;1,252;128
44,1333792;10,426;0,64501;0;380;0,6801809782;4,323;1,131;129
40,490928;11,491;0,78701;0;380;0,6801809782;4,12;1,121;130
28,7000928;10,837;0,62301;0;380;0,6801809782;3,334;1,305;131
48,2373792;6,804;0,40101;0,3;380;0,6801809782;5,013;1,397;132
25,8077664;4,089;0,24401;0,4;380;0,6801809782;3,682;1,29;133
40,1372928;4,526;0,43301;0,2;380;0,6801809782;4,728;1,291;134
51,1837056;5,862;0,55601;0;380;0,6801809782;5,234;1,396;135
38,1048192;7,294;0,52001;0,1;380;0,6801809782;4,788;1,54;136
30,6637056;8,393;0,27101;2,1;380;0,6801809782;4,231;1,52;137
7,4634912;7,791;0,04601;3,5;380;0,6801809782;1,217;1,488;138
23,62824;9,982;0,15001;0,1;380;0,6801809782;3,916;1,491;139
39,2383008;14,428;0,71801;0,4;380;0,6801809782;5,237;1,499;140
8,8762176;10,604;0,09501;17,3;380;0,6801809782;1,681;1,634;141
8,1012096;8,179;0,16601;3,9;380;0,6801809782;1,79;1,333;142
31,6886688;8,751;0,28801;5;380;0,6801809782;5,024;2,073;143
15,746832;6,72;0,17001;2,3;380;0,6801809782;3,071;1,446;144
18,390672;7,046;0,20101;0,2;380;0,6801809782;3,635;1,525;145
32,4994464;8,316;0,31101;0;380;0,6801809782;5,473;1,983;146
32,9031072;7,533;0,27501;0;380;0,6801809782;4,625;1,395;147
34,8211008;8,629;0,37201;0;380;0,6801809782;4,14;1,749;148
30,1343328;9,868;0,42501;0;380;0,6801809782;4,948;1,865;149
39,3054336;11,307;0,47201;0;380;0,6801809782;6,099;1,404;150
45,8690688;12,356;0,77701;1,2;380;0,6801809782;5,35;1,843;151
9,0731232;9,278;0,10601;6,2;380;0,6801809782;1,83;0,146;152
43,1933472;11,729;0,45801;0;380;0,6801809782;6,151;2,882;153
36,7555104;11,054;0,59501;0;380;0,6801809782;4,705;1,316;154
24,1979616;8,808;0,43301;0;380;0,6801809782;4,048;1,26;155
34,3656864;9,18;0,52601;0,1;380;0,6801809782;4,231;1,288;156
33,7048992;10,701;0,50101;0;380;0,6801809782;4,043;1,315;157
34,5256992;12,988;0,55901;0;380;0,6801809782;5,141;1,318;158
55,1722752;14,198;0,83901;0;380;0,6801809782;5,928;1,32;159
52,1291808;15,123;0,96001;0;380;0,6801809782;5,174;1,322;160
53,6944896;17,975;1,13901;0;380;0,6801809782;6,437;1,334;161
53,7465888;19,447;1,05901;0;380;0,6801809782;6,904;1,628;162
45,7079328;18,973;0,93701;2,7;380;0,6801809782;6,11;3,176;163
47,9414592;13,521;0,62201;0;380;0,6801809782;5,328;3,132;164
41,9520384;15,691;0,97901;0;380;0,6801809782;5,164;3,142;165
51,6592512;18,756;1,13801;0;380;0,6801809782;6,37;3,154;166
55,4923872;19,496;1,36801;0;380;0,6801809782;6,781;3,155;167
39,6671904;20,879;1,36801;0;380;0,6801809782;6,271;2,904;168
16,1138592;20,787;1,17901;0,2;380;0,6801809782;4,102;2,017;169
29,3409216;21,328;0,99601;0,7;380;0,6801809782;4,926;2,282;170
29,6440128;18,298;0,39201;2,3;380;0,6801809782;4,457;3,112;171
42,0673824;17,003;0,52401;0,5;380;0,6801809782;6,116;3,064;172
49,2163776;16,373;0,79401;0,5;380;0,6801809782;6,715;3,132;173
44,299008;15,763;0,75201;0;380;0,6801809782;6,398;3,13;174
43,0203744;16,392;0,71301;7,5;380;0,6801809782;6,329;3,13;175
4,7703168;14,383;0,11201;5,9;380;0,6801809782;0,132;3,116;176
14,8153536;15,226;0,28301;0,1;380;0,6801809782;2,463;3,131;177
49,797072;16,046;0,57401;0;380;0,6801809782;7,03;2,35;178
51,8704992;17,981;0,96201;0;380;0,6801809782;6,857;2,356;179
50,841216;16,658;0,94501;0;380;0,6801809782;7,631;2,35;180
40,049856;18,612;1,25501;0;380;0,6801809782;5,665;2,359;181
51,608016;20,816;1,42701;0;380;0,6801809782;6,748;2,337;182
49,121424;20,833;1,33801;0;380;0,6801809782;6,673;3,108;183
53,558064;18,749;1,23001;0;380;0,6801809782;7,211;2,198;184
46,761408;20,634;1,38801;0;380;0,6801809782;6,348;2,073;185
48,8161728;22,746;1,52901;0;380;0,6801809782;7,029;1,648;186
48,0326112;24,021;1,79501;0;380;0,6801809782;7,107;1,528;187
49,2405696;23,196;1,35001;0;380;0,6801809782;6,455;1,525;188
39,7334592;21,718;0,98601;0,3;380;0,6801809782;6,113;1,522;189
41,1312384;21,45;1,06901;0;380;0,6801809782;6,544;1,474;190
44,6060736;20,124;1,04601;0;380;0,6801809782;5,933;1,44;191
46,6088256;18,62;0,91001;0;380;0,6801809782;6,708;1,328;192
48,674736;17,522;0,76301;1,9;380;0,6801809782;7,335;0,917;193
46,5232032;15,805;0,91201;0,1;380;0,6801809782;7,34;0,916;194
52,4623392;16,239;1,05701;0;380;0,6801809782;7,189;0,917;195
49,1623776;19,343;1,29701;0;380;0,6801809782;6,607;0,921;196
50,4893952;17,648;0,96901;0;380;0,6801809782;7,911;0,917;197
40,2936768;14,587;0,85501;0;380;0,6801809782;7,607;0,912;198
30,6599904;14,965;0,88201;0;380;0,6801809782;6,3;1,225;199
12,892608;13,231;0,49501;5,6;380;0,6801809782;4,188;1,706;200
15,641424;13,872;0,14501;0,6;380;0,6801809782;4,229;1,252;201
46,7625312;17,579;0,82101;0;380;0,6801809782;7,062;3,045;202
37,1090592;18,254;0,67501;3,4;380;0,6801809782;6,983;2,745;203
46,0931904;19,459;0,94201;0;380;0,6801809782;7,797;2,348;204
46,7167392;18,451;1,04101;0;380;0,6801809782;7,124;2,596;205
48,0512736;15,443;0,84701;0;380;0,6801809782;7,348;2,239;206
28,8173376;16,547;1,02801;0;380;0,6801809782;5,217;2,032;207
39,0745728;19;1,17701;0;380;0,6801809782;5,5;2,081;208
33,109344;15,766;0,63401;0;380;0,6801809782;6,47;2,113;209
33,5950848;14,896;0,66801;0;380;0,6801809782;6,246;1,94;210
41,2372512;15,63;0,68301;0;380;0,6801809782;7,179;2,132;211
44,2352448;17,908;0,75901;0;380;0,6801809782;6,257;2,047;212
40,3383456;17,819;0,63401;0;380;0,6801809782;6,535;2,119;213
39,718512;18,487;0,86101;0;380;0,6801809782;5,733;3,276;214
43,978896;19,191;1,15201;0;380;0,6801809782;4,758;2,416;215
36,10872;20,686;1,36301;0;380;0,6801809782;4,346;2,408;216
35,94024;19,698;1,15001;0;380;0,6801809782;5,773;2,743;217
24,704352;19,203;1,06701;0;380;0,6801809782;4,878;2,081;218
32,6191104;19,663;1,16601;0;380;0,6801809782;5,408;2,32;219
36,8868384;18,356;0,89701;0;380;0,6801809782;5,287;1,892;220
34,7478336;17,47;0,89701;0;380;0,6801809782;5,284;2,237;221
26,4316608;17,696;1,08301;0;380;0,6801809782;4,61;2;222
23,9197536;18,867;0,91401;0;380;0,6801809782;5,317;1,813;223
27,9083232;19,145;0,59701;0;380;0,6801809782;6,459;1,591;224
14,233968;17,261;0,21901;6,1;380;0,6801809782;3,436;1,114;225
30,5889696;15,793;0,48801;2,2;380;0,6801809782;6,001;2,484;226
18,2765376;17,47;0,43801;0,2;380;0,6801809782;3,997;1,778;227
32,4057888;16,932;0,32901;3,3;380;0,6801809782;6,836;2,477;228
31,3225056;18,088;0,66701;0;380;0,6801809782;6,52;2,454;229
23,5463328;19,123;0,86101;0;380;0,6801809782;4,982;2,732;230
20,4846624;19,081;0,54001;2,4;380;0,6801809782;4,197;2,023;231
17,2200384;17,593;0,29801;8,8;380;0,6801809782;3,44;1,534;232
29,1858336;18,062;0,74001;0;380;0,6801809782;6,219;2,102;233
32,1284448;17,576;0,52201;0;380;0,6801809782;5,143;1,644;234
26,8127712;17,455;0,44301;0,2;380;0,6801809782;6,132;1,9;235
26,8258176;16,108;0,31701;18,3;380;0,6801809782;6,519;2,169;236
21,4152768;15,876;0,25901;44,6;380;0,6801809782;6,773;1,894;237
12,1481856;14,95;0,06301;24,8;380;0,6801809782;3,239;0,963;238
17,731872;14,639;0,16901;5,8;380;0,6801809782;5,211;1,907;239
29,3664096;15,013;0,43601;0;380;0,6801809782;6,055;1,771;240
27,1943136;16,97;0,56601;0;380;0,6801809782;5,064;1,453;241
24,2331264;15,152;0,73801;0;380;0,6801809782;5,737;1,551;242
16,4085696;14,913;0,17801;5,1;380;0,6801809782;5,096;1,492;243
17,00784;16,355;0,24501;9,8;380;0,6801809782;4,051;0,966;244
18,504288;15,11;0,12301;0;380;0,6801809782;3,628;1,536;245
14,3909568;13,009;0,14101;0,2;380;0,6801809782;3,811;0,952;246
23,4942336;14,235;0,27001;0;380;0,6801809782;5,8;1,694;247
10,07856;13,248;0,14701;3,3;380;0,6801809782;4,191;1,276;248
9,5332032;12,029;0,12701;1,9;380;0,6801809782;3,478;0,915;249
23,8739616;11,484;0,36101;0,1;380;0,6801809782;4,056;1,712;250
25,7835744;13;0,39001;0;380;0,6801809782;5,649;1,66;251
25,5527136;13,201;0,34501;0;380;0,6801809782;4,949;1,634;252
22,2267456;15,31;0,34901;0;380;0,6801809782;5,166;1,632;253
26,416368;15,432;0,41401;0;380;0,6801809782;4,871;1,821;254
22,4165664;14,442;0,32401;0;380;0,6801809782;4,282;1,124;255
27,3563136;7,739;0,31301;0;380;0,6801809782;4,422;1,074;256
26,9486784;8,24;0,28401;0;380;0,6801809782;4,037;1,073;257
22,481712;9,28;0,21001;0;380;0,6801809782;4,548;1,218;258
12,3920064;10,909;0,17901;0;380;0,6801809782;3,17;0,768;259
8,7924096;12,797;0,11001;1,7;380;0,6801809782;2,112;0,434;260
15,6864384;14,269;0,22601;0;380;0,6801809782;4,099;0,811;261
20,1086496;13,538;0,33101;0;380;0,6801809782;3,957;1,333;262
15,129936;15,551;0,22701;0;380;0,6801809782;3,105;0,67;263
21,793104;14,685;0,39801;0;380;0,6801809782;3,54;1,101;264
17,7989184;14,18;0,28901;0,5;380;0,6801809782;3,422;0,736;265
10,0237824;10,48;0,29401;0,2;380;0,6801809782;1,981;0,874;266
20,9609856;9,548;0,23801;0;380;0,6801809782;3,408;0,705;267
12,034224;12,912;0,09501;0,1;380;0,6801809782;2,732;0,403;268
3,9096;12,812;0,03401;3,7;380;0,6801809782;0,868;0,119;269
5,8917024;9,165;0,02301;0,6;380;0,6801809782;1,387;0,267;270
3,84912;9,552;0,00801;2,5;380;0,6801809782;0,978;0,205;271
2,7260064;9,356;0,00201;15,2;380;0,6801809782;0,207;0,1;272
10,5043392;11,505;0,05401;0;380;0,6801809782;2,586;0,96;273
4,5393696;10,937;0,00301;8,9;380;0,6801809782;1,079;0,19;274
6,3167904;11,372;0,01101;48,4;380;0,6801809782;1,48;0,436;275
9,4339296;10,642;0,02501;0,4;380;0,6801809782;2,281;0,952;276
14,3641728;9,354;0,03701;0,6;380;0,6801809782;3,35;0,845;277
3,3096384;9,39;0,01201;8;380;0,6801809782;0,637;0,117;278
8,3681856;11,15;0,04501;1;380;0,6801809782;2,06;0,63;279
4,0183776;8,117;0,04501;0,3;380;0,6801809782;1,301;0,293;280
4,25088;4,858;0,04201;0,1;380;0,6801809782;1,238;0,218;281
4,5660672;7,989;0,05701;0;380;0,6801809782;1,442;0,343;282
4,6657728;6,848;0,05601;0;380;0,6801809782;1,364;0,357;283
7,010928;5,732;0,05201;1;380;0,6801809782;1,407;0,438;284
3,7431072;7,911;0,05201;0,5;380;0,6801809782;0,763;0,225;285
5,4217728;4,337;0,12101;0;380;0,6801809782;1,082;0,326;286
2,304288;5,096;0,06201;0;380;0,6801809782;0,488;0,086;287
3,5016192;7,278;0,08301;0;380;0,6801809782;0,888;0,259;288
11,3571072;3,752;0,12401;0;380;0,6801809782;2,072;0,535;289
7,3415808;0,637;0,07601;0;380;0,6801809782;1,494;0,259;290
7,3679328;1,099;0,11201;0;380;0,6801809782;1,513;0,486;291
1,338768;0,701;0,03401;8,8;380;0,6801809782;0,06;0,181;292
2,47104;7,366;0,00201;6,4;380;0,6801809782;0,594;0,181;293
2,5853472;9,866;0,03301;24,8;380;0,6801809782;0,892;0,164;294
2,9265408;11,253;0,01401;12,5;380;0,6801809782;0,937;0,065;295
2,4268032;4,298;0,05101;0,4;380;0,6801809782;0,788;0,171;296
4,7570976;1,264;0,01301;28,3;380;0,6801809782;1,076;0,287;297
2,9992032;7,391;0,03701;9,6;380;0,6801809782;1,207;0,274;298
5,9968512;0,705;0,11101;0;380;0,6801809782;1,455;0,622;299
9,0307008;-1,539;0,09601;0;380;0,6801809782;1,577;0,224;300
2,5480224;-1,634;0,02001;4;380;0,6801809782;0,225;0,211;301
1,189296;-1,303;0,00701;15,1;380;0,6801809782;0,029;0,23;302
2,7676512;-2,303;0,01201;1,9;380;0,6801809782;0,401;0,23;303
7,91208;-4,987;0,06201;0;380;0,6801809782;0,944;0,229;304
7,6366368;-5,34;0,04901;0,9;380;0,6801809782;0,876;0,229;305
7,56216;-7,57;0,02501;0;380;0,6801809782;0,926;0,229;306
3,3409152;-9,269;0,02101;0,7;380;0,6801809782;0,236;0,229;307
1,7812224;-1,834;0,00601;7,4;380;0,6801809782;0,008;0,231;308
3,5884512;1,528;0,03801;0;380;0,6801809782;0,476;0,231;309
6,4230624;0,64;0,09101;0;380;0,6801809782;1,232;0,231;310
5,901984;-3,296;0,00501;0,2;380;0,6801809782;0,735;0,23;311
4,8931776;-2,3;0,02701;0;380;0,6801809782;0,908;0,23;312
2,9463264;-3,462;0,02401;4,7;380;0,6801809782;0,213;0,074;313
2,1497184;-0,381;0,00101;1,8;380;0,6801809782;0,013;-0,023;314
1,647216;-2,866;0,01201;0,2;380;0,6801809782;-0,001;-0,023;315
2,3927616;-0,895;0,00601;7,6;380;0,6801809782;0,06;-0,024;316
1,902096;0,998;0,00201;1,2;380;0,6801809782;0,004;-0,036;317
0,9183456;-0,499;0,01901;0,6;380;0,6801809782;-0,002;0,169;318
0,9487584;1,43;0,02001;2,3;380;0,6801809782;0,001;-0,05;319
0,9815904;4,872;1e-05;5,3;380;0,6801809782;0,001;-0,009;320
1,6651872;4,343;1e-05;0;380;0,6801809782;-0,003;0,001;321
1,1935296;2,923;1e-05;1;380;0,6801809782;-0,01;-0,027;322
1,1041056;2,513;0,01301;0,8;380;0,6801809782;-0,015;-0,032;323
0,3536352;4,719;0,00501;2,2;380;0,6801809782;0,006;-0,01;324
0,5292864;2,827;0,00701;7,9;380;0,6801809782;0,001;-0,011;325
0,3135456;5,09;0,00301;6,5;380;0,6801809782;0;0,026;326
0,5137344;6,646;0,01901;4,5;380;0,6801809782;0;-0,036;327
1,0515744;7,027;0,02501;0,1;380;0,6801809782;0,07;-0,025;328
0,89208;4,634;0,04001;0;380;0,6801809782;0,162;0,031;329
0,3549312;3,806;1e-05;0,4;380;0,6801809782;0;0,002;330
0,4143744;4,468;1e-05;0,4;380;0,6801809782;0;-0,009;331
0,5133024;4,531;0,03301;0;380;0,6801809782;0;-0,049;332
0,7248096;4,035;0,03101;0;380;0,6801809782;0,134;-0,037;333
1,0974528;4,768;0,04201;8,1;380;0,6801809782;0,135;-0,046;334
0,7187616;4,524;0,03201;0,1;380;0,6801809782;0,162;-0,005;335
0;4,323;0,01601;7,6;380;0,6801809782;0;-0,039;336
0,5479488;4,828;0,01901;15,5;380;0,6801809782;0,081;-0,083;337
0,6586272;7,35;0,06801;1;380;0,6801809782;0,116;0,085;338
0,7480512;4,954;0,10301;1,3;380;0,6801809782;0,154;0,157;339
0,0286848;5,302;0,04401;5,7;380;0,6801809782;0;-0,05;340
0;5,906;0,05001;0,2;380;0,6801809782;0;-0,075;341
0,848016;4,631;0,06701;0;380;0,6801809782;0,248;-0,006;342
0,4513536;3,933;0,09101;7,7;380;0,6801809782;-0,025;0,116;343
0,5263488;4,056;0,04301;0,3;380;0,6801809782;0,038;-0,045;344
0,0892512;3,76;0,02401;6,9;380;0,6801809782;0;-0,035;345
0,3980448;4,1;0,01401;1,9;380;0,6801809782;0,024;-0,053;346
1,2432096;4,34;0,11301;0;380;0,6801809782;0,189;0,17;347
1,2754368;0,87;0,05301;0;380;0,6801809782;0,349;-0,032;348
1,7186688;-1,665;0,03501;0,2;380;0,6801809782;0,27;0,014;349
1,791504;-3,243;0,04601;0,3;380;0,6801809782;0,087;0,028;350
1,6564608;-6,28;0,02301;3,9;380;0,6801809782;-0,001;0,038;351
0,4319136;-1,463;0,00301;1,1;380;0,6801809782;0,053;-0,011;352
1,3023072;0,896;0,00401;0,2;380;0,6801809782;0,232;-0,011;353
0,7977312;0,499;0,05101;0;380;0,6801809782;0,144;0,104;354
1,5585696;2,263;0,15101;0;380;0,6801809782;0,328;0,164;355
0,8358336;2,252;0,13801;0,1;380;0,6801809782;0,154;0,103;356
1,7132256;-5,122;0,06301;0;380;0,6801809782;0,081;0,011;357
0,3580416;-0,983;0,02001;0;380;0,6801809782;0;0,002;358
0,8400672;2,008;0,08901;0,4;380;0,6801809782;0,225;-0,019;359
0,7506432;-1,683;0,07401;0,3;380;0,6801809782;0,065;-0,013;360
2,1528288;-5,071;0,03401;0;380;0,6801809782;0,075;0,017;361
0,2862432;-0,726;0,01101;0,9;380;0,6801809782;0;-0,023;362
0,2182464;3,055;0,01501;2,5;380;0,6801809782;0;-0,038;363
0,1796256;0,531;1e-05;6,4;380;0,6801809782;0;-0,014;364
0,3886272;1,567;0,00201;2,3;380;0,6801809782;0,015;0,008;365
